Nx,Ny,n_files,a,b
400,400,241,10.000000,10.000000